{
    "affinity_pred_value": 2.432769298553467,
    "affinity_probability_binary": 0.47017228603363037,
    "affinity_pred_value1": 2.661438465118408,
    "affinity_probability_binary1": 0.41893211007118225,
    "affinity_pred_value2": 2.2041001319885254,
    "affinity_probability_binary2": 0.5214124321937561
}