{
    "confidence_score": 0.92548006772995,
    "ptm": 0.9280369877815247,
    "iptm": 0.897312581539154,
    "ligand_iptm": 0.897312581539154,
    "protein_iptm": 0.0,
    "complex_plddt": 0.9325219988822937,
    "complex_iplddt": 0.908492922782898,
    "complex_pde": 0.5430169701576233,
    "complex_ipde": 2.0991315841674805,
    "chains_ptm": {
        "0": 0.9294584393501282,
        "1": 0.9477120637893677
    },
    "pair_chains_iptm": {
        "0": {
            "0": 0.9294584393501282,
            "1": 0.39418473839759827
        },
        "1": {
            "0": 0.897312581539154,
            "1": 0.9477120637893677
        }
    }
}